Occupation code,Occupation title (click on the occupation title to view its profile),Location quotient,Annual mean wage
00-0000,All Occupations,1,66790
Nov-00,Management Occupations,1.04,165830
11-1011,Chief Executives,0.48,252880
11-1021,General and Operations Managers,1.03,167160
11-1031,Legislators,0.85,58600
11-Nov,Advertising and Promotions Managers,4.75,186040
21-Nov,Marketing Managers,1.63,188810
22-Nov,Sales Managers,1.21,195220
30-Nov,Public Relations and Fundraising Managers,1.39,179610
10-Nov,Administrative Services and Facilities Managers,1.24,140800
21-Nov,Computer and Information Systems Managers,1.25,196290
Nov-31,Financial Managers,1.31,208770
Nov-51,Industrial Production Managers,0.53,140940
Nov-61,Purchasing Managers,0.97,171560
Nov-71,"Transportation, Storage, and Distribution Managers",0.84,124710
11-Nov,Compensation and Benefits Managers,1.48,181770
21-Nov,Human Resources Managers,1.18,170070
Nov-31,Training and Development Managers,1.27,167850
13-Nov,"Farmers, Ranchers, and Other Agricultural Managers",0.23,103180
21-Nov,Construction Managers,0.73,148140
Nov-31,"Education and Childcare Administrators, Preschool and Daycare",1.05,80910
Nov-32,"Education Administrators, Kindergarten through Secondary",1.25,137080
Nov-39,"Education Administrators, All Other",0.76,113420
Nov-41,Architectural and Engineering Managers,0.55,172970
Nov-51,Food Service Managers,0.64,80940
Nov-81,Lodging Managers,0.32,93080
11-Nov,Medical and Health Services Managers,1.1,144370
21-Nov,Natural Sciences Managers,1.16,187570
Nov-31,Postmasters and Mail Superintendents,0.68,82690
Nov-41,"Property, Real Estate, and Community Association Managers",0.77,107190
Nov-51,Social and Community Service Managers,1.14,92150
Nov-61,Emergency Management Directors,0.88,103390
Nov-98,"Personal Service Managers, All Other; Entertainment and Recreation Managers, Except Gambling; and Managers, All Other",0.75,148070
13-0000,Business and Financial Operations Occupations,1.23,99400
13-1011,"Agents and Business Managers of Artists, Performers, and Athletes",3.13,100240
13-1020,Buyers and Purchasing Agents,0.99,81450
13-1031,"Claims Adjusters, Examiners, and Investigators",0.99,78430
13-1032,"Insurance Appraisers, Auto Damage",1.05,66690
13-1041,Compliance Officers,1.1,85940
13-1051,Cost Estimators,0.75,81540
13-1071,Human Resources Specialists,1.08,79240
13-1075,Labor Relations Specialists,1.68,94590
13-1081,Logisticians,0.76,85580
13-1111,Management Analysts,1.17,116940
13-1121,"Meeting, Convention, and Event Planners",1.42,72840
13-1131,Fundraisers,1.31,73450
13-1141,"Compensation, Benefits, and Job Analysis Specialists",1.69,88480
13-1151,Training and Development Specialists,1.02,76580
13-1161,Market Research Analysts and Marketing Specialists,1.68,83420
13-1198,"Project Management Specialists and Business Operations Specialists, All Other",0.85,91390
13-2011,Accountants and Auditors,1.43,102090
13-2020,Property Appraisers and Assessors,0.59,77010
13-2031,Budget Analysts,0.96,86420
13-2041,Credit Analysts,1.74,120850
13-2052,Personal Financial Advisors,1.95,165830
13-2053,Insurance Underwriters,1.17,98950
13-2061,Financial Examiners,2.76,125290
13-2071,Credit Counselors,1.09,67500
13-2072,Loan Officers,0.65,106090
13-2081,"Tax Examiners and Collectors, and Revenue Agents",0.95,78710
13-2082,Tax Preparers,1.06,65500
13-2098,"Financial and Investment Analysts, Financial Risk Specialists, and Financial Specialists, All Other",2.12,131690
15-0000,Computer and Mathematical Occupations,1.05,106670
15-1211,Computer Systems Analysts,1.14,114070
15-1212,Information Security Analysts,1.07,127850
15-1221,Computer and Information Research Scientists,0.89,137190
15-1231,Computer Network Support Specialists,1.1,86440
15-1232,Computer User Support Specialists,1.01,65800
15-1241,Computer Network Architects,1.01,129900
15-1244,Network and Computer Systems Administrators,1.16,105050
15-1245,Database Administrators and Architects,1.08,113040
15-1251,Computer Programmers,1.15,98070
15-1256,Software Developers and Software Quality Assurance Analysts and Testers,1.09,122230
15-1257,Web Developers and Digital Interface Designers,1.38,89110
15-1299,"Computer Occupations, All Other",0.47,91370
15-2011,Actuaries,1.6,147760
15-2021,Mathematicians,1.34,119160
15-2031,Operations Research Analysts,1.13,112630
15-2041,Statisticians,0.66,107150
15-2098,"Data Scientists and Mathematical Science Occupations, All Other",1.33,125030
17-0000,Architecture and Engineering Occupations,0.56,96300
17-1011,"Architects, Except Landscape and Naval",1.69,105670
17-1012,Landscape Architects,1.09,79530
17-1021,Cartographers and Photogrammetrists,0.24,88100
17-1022,Surveyors,0.69,84970
17-2031,Bioengineers and Biomedical Engineers,0.43,112340
17-2041,Chemical Engineers,0.42,115730
17-2051,Civil Engineers,0.78,106430
17-2061,Computer Hardware Engineers,0.41,122680
17-2071,Electrical Engineers,0.65,114150
17-2072,"Electronics Engineers, Except Computer",0.49,110490
17-2081,Environmental Engineers,0.65,102330
17-2111,"Health and Safety Engineers, Except Mining Safety Engineers and Inspectors",0.91,103930
17-2112,Industrial Engineers,0.4,105010
17-2121,Marine Engineers and Naval Architects,0.36,128750
17-2131,Materials Engineers,0.37,102510
17-2141,Mechanical Engineers,0.41,98670
17-2199,"Engineers, All Other",0.53,102860
17-3011,Architectural and Civil Drafters,1.06,63970
17-3012,Electrical and Electronics Drafters,0.66,78730
17-3013,Mechanical Drafters,0.53,66160
17-3019,"Drafters, All Other",0.59,68160
17-3022,Civil Engineering Technologists and Technicians,0.4,61090
17-3023,Electrical and Electronic Engineering Technologists and Technicians,0.53,72660
17-3024,Electro-Mechanical and Mechatronics Technologists and Technicians,0.24,67950
17-3025,Environmental Engineering Technologists and Technicians,0.41,56530
17-3026,Industrial Engineering Technologists and Technicians,0.32,58090
17-3027,Mechanical Engineering Technologists and Technicians,0.33,56730
17-3031,Surveying and Mapping Technicians,0.23,60340
17-3098,"Calibration Technologists and Technicians and Engineering Technologists and Technicians, Except Drafters, All Other",0.33,67800
19-0000,"Life, Physical, and Social Science Occupations",0.91,91410
19-1012,Food Scientists and Technologists,1.51,81680
19-1013,Soil and Plant Scientists,0.1,86570
19-1021,Biochemists and Biophysicists,3.47,147350
19-1022,Microbiologists,0.71,79580
19-1023,Zoologists and Wildlife Biologists,0.16,82190
19-1029,"Biological Scientists, All Other",0.29,87900
19-1031,Conservation Scientists,0.25,85810
19-1032,Foresters,0.13,67230
19-1041,Epidemiologists,0.51,108170
19-1042,"Medical Scientists, Except Epidemiologists",0.97,113100
19-1099,"Life Scientists, All Other",0.78,83670
19-2012,Physicists,0.93,151840
19-2021,Atmospheric and Space Scientists,0.85,106780
19-2031,Chemists,1.5,94770
19-2032,Materials Scientists,0.6,108680
19-2041,"Environmental Scientists and Specialists, Including Health",0.73,84720
19-2042,"Geoscientists, Except Hydrologists and Geographers",0.25,83640
19-2043,Hydrologists,0.41,93730
19-2099,"Physical Scientists, All Other",0.54,103790
19-3011,Economists,0.64,149360
19-3022,Survey Researchers,0.87,79660
19-3031,"Clinical, Counseling, and School Psychologists",1.39,100320
19-3039,"Psychologists, All Other",0.5,98450
19-3041,Sociologists,0.81,87160
19-3051,Urban and Regional Planners,0.54,89880
19-3091,Anthropologists and Archeologists,0.19,71760
19-3093,Historians,0.56,58820
19-3094,Political Scientists,0.19,134000
19-3099,"Social Scientists and Related Workers, All Other",0.83,93150
19-4010,Agricultural and Food Science Technicians,0.25,48280
19-4021,Biological Technicians,0.52,54160
19-4031,Chemical Technicians,1.03,57930
19-4042,"Environmental Science and Protection Technicians, Including Health",0.88,55260
19-4045,Geological and Hydrologic Technicians,0.33,115210
19-4051,Nuclear Technicians,0.2,111440
19-4061,Social Science Research Assistants,1.65,58310
19-4092,Forensic Science Technicians,0.61,67880
19-4099,"Life, Physical, and Social Science Technicians, All Other",1.71,59300
19-5011,Occupational Health and Safety Specialists,0.57,83620
19-5012,Occupational Health and Safety Technicians,0.71,64420
21-0000,Community and Social Service Occupations,1.22,57300
21-1012,"Educational, Guidance, and Career Counselors and Advisors",1.15,73700
21-1013,Marriage and Family Therapists,0.97,68080
21-1015,Rehabilitation Counselors,0.68,41870
21-1018,"Substance Abuse, Behavioral Disorder, and Mental Health Counselors",0.89,58750
21-1019,"Counselors, All Other",0.72,64440
21-1021,"Child, Family, and School Social Workers",1.16,63590
21-1022,Healthcare Social Workers,1.23,63980
21-1023,Mental Health and Substance Abuse Social Workers,1.17,68300
21-1029,"Social Workers, All Other",0.87,70180
21-1091,Health Education Specialists,0.77,61110
21-1092,Probation Officers and Correctional Treatment Specialists,0.71,73580
21-1093,Social and Human Service Assistants,1.6,39050
21-1094,Community Health Workers,1.45,48190
21-1099,"Community and Social Service Specialists, All Other",2.18,57410
21-2011,Clergy,1.43,61600
21-2021,"Directors, Religious Activities and Education",2.77,53650
21-2099,"Religious Workers, All Other",1.51,38930
23-0000,Legal Occupations,1.57,141800
23-1011,Lawyers,1.9,174720
23-1012,Judicial Law Clerks,0.47,66980
23-1021,"Administrative Law Judges, Adjudicators, and Hearing Officers",1.36,110810
23-1022,"Arbitrators, Mediators, and Conciliators",1.08,87800
23-1023,"Judges, Magistrate Judges, and Magistrates",0.87,165940
23-2011,Paralegals and Legal Assistants,1.34,60430
23-2093,"Title Examiners, Abstractors, and Searchers",0.44,66310
23-2099,"Legal Support Workers, All Other",0.71,63830
25-0000,Educational Instruction and Library Occupations,1.18,73390
25-1011,"Business Teachers, Postsecondary",1.42,120880
25-1021,"Computer Science Teachers, Postsecondary",1.37,117320
25-1022,"Mathematical Science Teachers, Postsecondary",1.2,115640
25-1031,"Architecture Teachers, Postsecondary",1.95,141050
25-1032,"Engineering Teachers, Postsecondary",0.84,130440
25-1041,"Agricultural Sciences Teachers, Postsecondary",0.24,102500
25-1042,"Biological Science Teachers, Postsecondary",1.24,109580
25-1051,"Atmospheric, Earth, Marine, and Space Sciences Teachers, Postsecondary",1.19,122970
25-1052,"Chemistry Teachers, Postsecondary",1.53,112020
25-1053,"Environmental Science Teachers, Postsecondary",1.45,114870
25-1054,"Physics Teachers, Postsecondary",1.26,124600
25-1061,"Anthropology and Archeology Teachers, Postsecondary",1.73,116430
25-1062,"Area, Ethnic, and Cultural Studies Teachers, Postsecondary",1.77,114880
25-1063,"Economics Teachers, Postsecondary",1.74,136150
25-1064,"Geography Teachers, Postsecondary",0.35,78030
25-1065,"Political Science Teachers, Postsecondary",1.31,128200
25-1066,"Psychology Teachers, Postsecondary",1.51,102170
25-1067,"Sociology Teachers, Postsecondary",1.59,108520
25-1069,"Social Sciences Teachers, Postsecondary, All Other",2.32,119490
25-1071,"Health Specialties Teachers, Postsecondary",1.37,129440
25-1072,"Nursing Instructors and Teachers, Postsecondary",1.14,101860
25-1081,"Education Teachers, Postsecondary",1.29,97920
25-1082,"Library Science Teachers, Postsecondary",1.04,88130
25-1111,"Criminal Justice and Law Enforcement Teachers, Postsecondary",0.97,75900
25-1112,"Law Teachers, Postsecondary",2.68,141430
25-1113,"Social Work Teachers, Postsecondary",2.78,97040
25-1121,"Art, Drama, and Music Teachers, Postsecondary",1.62,107440
25-1122,"Communications Teachers, Postsecondary",1.52,99080
25-1123,"English Language and Literature Teachers, Postsecondary",1.67,105500
25-1124,"Foreign Language and Literature Teachers, Postsecondary",1.25,95940
25-1125,"History Teachers, Postsecondary",1.26,104050
25-1126,"Philosophy and Religion Teachers, Postsecondary",1.52,87920
25-1193,"Recreation and Fitness Studies Teachers, Postsecondary",0.55,90350
25-1194,"Career/Technical Education Teachers, Postsecondary",0.63,75150
25-1199,"Postsecondary Teachers, All Other",0.31,109250
25-2011,"Preschool Teachers, Except Special Education",1.06,44170
25-2012,"Kindergarten Teachers, Except Special Education",0.95,77860
25-2021,"Elementary School Teachers, Except Special Education",0.98,83990
25-2022,"Middle School Teachers, Except Special and Career/Technical Education",1.19,85780
25-2023,"Career/Technical Education Teachers, Middle School",1.13,95660
25-2031,"Secondary School Teachers, Except Special and Career/Technical Education",1.06,90050
25-2032,"Career/Technical Education Teachers, Secondary School",0.67,83110
25-2051,"Special Education Teachers, Preschool",3.56,93100
25-2052,"Special Education Teachers, Kindergarten and Elementary School",1.78,82190
25-2057,"Special Education Teachers, Middle School",2.39,84830
25-2058,"Special Education Teachers, Secondary School",1.75,86990
25-2059,"Special Education Teachers, All Other",1.44,84640
25-3011,"Adult Basic Education, Adult Secondary Education, and English as a Second Language Instructors",0.86,73440
25-3021,Self-Enrichment Teachers,1.99,65570
25-3031,"Substitute Teachers, Short-Term",0.79,41200
25-3097,"Tutors and Teachers and Instructors, All Other",0.98,61250
25-4011,Archivists,2.92,58780
25-4012,Curators,1.64,74650
25-4013,Museum Technicians and Conservators,1.42,63140
25-4022,Librarians and Media Collections Specialists,1.35,73670
25-4031,Library Technicians,1.3,37390
25-9021,Farm and Home Management Educators,0.2,65510
25-9031,Instructional Coordinators,1.32,76670
25-9044,"Teaching Assistants, Postsecondary",0.74,45420
25-9045,"Teaching Assistants, Except Postsecondary",1.44,34380
25-9099,"Educational Instruction and Library Workers, All Other",0.28,58130
27-0000,"Arts, Design, Entertainment, Sports, and Media Occupations",1.66,84850
27-1011,Art Directors,3.18,134810
27-1012,Craft Artists,0.34,44850
27-1013,"Fine Artists, Including Painters, Sculptors, and Illustrators",1.95,101250
27-1014,Special Effects Artists and Animators,1.4,94890
27-1019,"Artists and Related Workers, All Other",0.51,103470
27-1021,Commercial and Industrial Designers,1.19,84390
27-1022,Fashion Designers,5.92,91630
27-1023,Floral Designers,0.74,33680
27-1024,Graphic Designers,1.54,68690
27-1025,Interior Designers,1.4,68330
27-1026,Merchandise Displayers and Window Trimmers,0.76,38930
27-1027,Set and Exhibit Designers,2.75,86040
27-1029,"Designers, All Other",1.47,73640
27-2012,Producers and Directors,3.05,119460
27-2021,Athletes and Sports Competitors,0.76,197550
27-2022,Coaches and Scouts,0.86,58400
27-2041,Music Directors and Composers,2.79,86190
27-3011,Broadcast Announcers and Radio Disc Jockeys,0.61,94610
27-3023,"News Analysts, Reporters, and Journalists",1.99,89670
27-3031,Public Relations Specialists,1.51,81820
27-3041,Editors,3.28,88530
27-3042,Technical Writers,0.87,83260
27-3043,Writers and Authors,2.66,92780
27-3091,Interpreters and Translators,0.85,77800
27-3092,Court Reporters and Simultaneous Captioners,1.08,84220
27-4011,Audio and Video Technicians,1.63,59950
27-4012,Broadcast Technicians,2.16,60340
27-4014,Sound Engineering Technicians,2.06,77830
27-4021,Photographers,1.46,63850
27-4031,"Camera Operators, Television, Video, and Film",2.06,98720
27-4032,Film and Video Editors,2.44,90360
29-0000,Healthcare Practitioners and Technical Occupations,0.94,99350
29-1011,Chiropractors,0.73,100290
29-1021,"Dentists, General",1.31,170640
29-1022,Oral and Maxillofacial Surgeons,0.62,236450
29-1029,"Dentists, All Other Specialists",1.08,221330
29-1031,Dietitians and Nutritionists,1.06,71480
29-1041,Optometrists,0.76,132810
29-1051,Pharmacists,1.04,121900
29-1071,Physician Assistants,1.45,128420
29-1081,Podiatrists,1.67,153150
29-1122,Occupational Therapists,1.42,95990
29-1123,Physical Therapists,1.16,97380
29-1124,Radiation Therapists,1.01,123080
29-1125,Recreational Therapists,1.08,59750
29-1126,Respiratory Therapists,0.77,79150
29-1127,Speech-Language Pathologists,1.3,104180
29-1128,Exercise Physiologists,0.78,67510
29-1129,"Therapists, All Other",1.12,60350
29-1131,Veterinarians,0.7,124590
29-1141,Registered Nurses,0.89,93280
29-1151,Nurse Anesthetists,0.57,206740
29-1161,Nurse Midwives,0.91,117680
29-1171,Nurse Practitioners,1.05,128720
29-1181,Audiologists,0.76,89920
29-1211,Anesthesiologists,1.07,236210
29-1215,Family Medicine Physicians,0.53,198780
29-1218,Obstetricians and Gynecologists,1.43,229600
29-1221,"Pediatricians, General",1.69,177680
29-1223,Psychiatrists,2.3,216570
29-1228,"Physicians, All Other; and Ophthalmologists, Except Pediatric",1.62,183100
29-1248,"Surgeons, Except Ophthalmologists",1.09,239950
29-1292,Dental Hygienists,0.82,86990
29-1298,"Acupuncturists and Healthcare Diagnosing or Treating Practitioners, All Other",1.26,86720
29-2010,Clinical Laboratory Technologists and Technicians,0.86,68260
29-2031,Cardiovascular Technologists and Technicians,0.78,71160
29-2032,Diagnostic Medical Sonographers,1.31,78680
29-2033,Nuclear Medicine Technologists,0.88,91410
29-2034,Radiologic Technologists and Technicians,0.88,74550
29-2035,Magnetic Resonance Imaging Technologists,1.01,87870
29-2040,Emergency Medical Technicians and Paramedics,1.03,45420
29-2051,Dietetic Technicians,0.47,41520
29-2052,Pharmacy Technicians,0.76,36250
29-2053,Psychiatric Technicians,0.33,43460
29-2055,Surgical Technologists,0.8,59620
29-2056,Veterinary Technologists and Technicians,0.68,42960
29-2057,Ophthalmic Medical Technicians,1.3,41190
29-2061,Licensed Practical and Licensed Vocational Nurses,0.81,56610
29-2081,"Opticians, Dispensing",0.64,58460
29-2091,Orthotists and Prosthetists,0.41,82600
29-2098,"Medical Dosimetrists, Medical Records Specialists, and Health Technologists and Technicians, All Other",0.62,55150
29-9091,Athletic Trainers,0.78,53670
29-9092,Genetic Counselors,1.4,90010
29-9098,"Health Information Technologists, Medical Registrars, Surgical Assistants, and Healthcare Practitioners and Technical Workers, All Other",0.31,76490
31-0000,Healthcare Support Occupations,1.43,32790
31-1120,Home Health and Personal Care Aides,1.95,28980
31-1131,Nursing Assistants,1.01,38250
31-1132,Orderlies,1.33,36220
31-1133,Psychiatric Aides,1.35,41680
31-2011,Occupational Therapy Assistants,0.82,69860
31-2012,Occupational Therapy Aides,0.57,43150
31-2021,Physical Therapist Assistants,0.72,60160
31-2022,Physical Therapist Aides,1.76,29800
31-9011,Massage Therapists,1.06,53270
31-9091,Dental Assistants,0.94,42580
31-9092,Medical Assistants,0.76,38940
31-9093,Medical Equipment Preparers,1.15,45520
31-9094,Medical Transcriptionists,0.66,35440
31-9095,Pharmacy Aides,0.67,29830
31-9096,Veterinary Assistants and Laboratory Animal Caretakers,0.64,32800
31-9097,Phlebotomists,0.92,43650
31-9099,"Healthcare Support Workers, All Other",1.18,39520
33-0000,Protective Service Occupations,1.38,58210
33-1011,First-Line Supervisors of Correctional Officers,0.7,108460
33-1012,First-Line Supervisors of Police and Detectives,1.81,129440
33-1021,First-Line Supervisors of Firefighting and Prevention Workers,0.92,124040
33-1090,"Miscellaneous First-Line Supervisors, Protective Service Workers",1.61,60330
33-2011,Firefighters,0.7,81470
33-2021,Fire Inspectors and Investigators,2.23,59330
33-3011,Bailiffs,2.21,75120
33-3012,Correctional Officers and Jailers,0.78,71830
33-3021,Detectives and Criminal Investigators,1.15,100550
33-3031,Fish and Game Wardens,0.21,65490
33-3041,Parking Enforcement Workers,1.71,42640
33-3051,Police and Sheriff's Patrol Officers,1.32,83040
33-3052,Transit and Railroad Police,4.94,69700
33-9011,Animal Control Workers,0.63,45920
33-9021,Private Detectives and Investigators,0.61,55340
33-9031,Gambling Surveillance Officers and Gambling Investigators,0.14,39110
33-9032,Security Guards,1.79,36560
33-9091,Crossing Guards and Flaggers,2.56,38260
33-9092,"Lifeguards, Ski Patrol, and Other Recreational Protective Service Workers",0.95,29640
33-9093,Transportation Security Screeners,1.4,42970
33-9098,"School Bus Monitors and Protective Service Workers, All Other",1.77,33300
35-0000,Food Preparation and Serving Related Occupations,0.83,33150
35-1011,Chefs and Head Cooks,2.02,63180
35-1012,First-Line Supervisors of Food Preparation and Serving Workers,0.69,45180
35-2011,"Cooks, Fast Food",0.35,26820
35-2012,"Cooks, Institution and Cafeteria",0.55,37520
35-2014,"Cooks, Restaurant",0.67,33680
35-2015,"Cooks, Short Order",1.27,28500
35-2019,"Cooks, All Other",0.8,34780
35-2021,Food Preparation Workers,1.27,29390
35-3011,Bartenders,0.91,39240
35-3023,Fast Food and Counter Workers,0.71,26970
35-3031,Waiters and Waitresses,0.93,35970
35-3041,"Food Servers, Nonrestaurant",1.1,32330
35-9011,Dining Room and Cafeteria Attendants and Bartender Helpers,1.24,32200
35-9021,Dishwashers,0.88,28720
35-9031,"Hosts and Hostesses, Restaurant, Lounge, and Coffee Shop",0.72,29670
35-9099,"Food Preparation and Serving Related Workers, All Other",1,29090
37-0000,Building and Grounds Cleaning and Maintenance Occupations,1.07,38440
37-1011,First-Line Supervisors of Housekeeping and Janitorial Workers,1.1,56390
37-1012,"First-Line Supervisors of Landscaping, Lawn Service, and Groundskeeping Workers",0.77,62230
37-2011,"Janitors and Cleaners, Except Maids and Housekeeping Cleaners",1.34,37140
37-2012,Maids and Housekeeping Cleaners,0.79,37510
37-2021,Pest Control Workers,0.83,43590
37-3011,Landscaping and Groundskeeping Workers,0.78,36930
37-3013,Tree Trimmers and Pruners,0.64,53770
37-3019,"Grounds Maintenance Workers, All Other",3.4,30660
39-0000,Personal Care and Service Occupations,1.23,37140
39-1013,First-Line Supervisors of Gambling Services Workers,0.09,47780
39-1098,"First-Line Supervisors of Personal Service and Entertainment and Recreation Workers, Except Gambling Services",1.25,51200
39-2011,Animal Trainers,1.24,41880
39-2021,Animal Caretakers,0.86,30260
39-3012,Gambling and Sports Book Writers and Runners,0.65,34890
39-3021,Motion Picture Projectionists,1.99,36430
39-3031,"Ushers, Lobby Attendants, and Ticket Takers",1.23,31780
39-3091,Amusement and Recreation Attendants,0.77,27210
39-3092,Costume Attendants,3.11,69390
39-3093,"Locker Room, Coatroom, and Dressing Room Attendants",1.7,32130
39-3099,"Entertainment Attendants and Related Workers, All Other",1.43,33110
39-4021,Funeral Attendants,0.38,36580
39-4031,"Morticians, Undertakers, and Funeral Arrangers",0.99,64940
39-5011,Barbers,1.33,34740
39-5012,"Hairdressers, Hairstylists, and Cosmetologists",1.27,36130
39-5091,"Makeup Artists, Theatrical and Performance",2.18,105070
39-5092,Manicurists and Pedicurists,3.45,26490
39-5093,Shampooers,2.46,23650
39-5094,Skincare Specialists,1.78,41370
39-6011,Baggage Porters and Bellhops,1.39,34350
39-6012,Concierges,2.39,44050
39-7010,Tour and Travel Guides,0.86,37130
39-9011,Childcare Workers,1.41,30060
39-9031,Exercise Trainers and Group Fitness Instructors,1.25,61940
39-9032,Recreation Workers,1.29,34130
39-9041,Residential Advisors,0.82,38870
39-9098,"Crematory Operators and Personal Care and Service Workers, All Other",0.77,34830
41-0000,Sales and Related Occupations,0.99,57830
41-1011,First-Line Supervisors of Retail Sales Workers,0.83,54810
41-1012,First-Line Supervisors of Non-Retail Sales Workers,1.43,107980
41-2011,Cashiers,0.83,27550
41-2012,Gambling Change Persons and Booth Cashiers,0.29,44350
41-2021,Counter and Rental Clerks,0.73,34090
41-2022,Parts Salespersons,0.48,43040
41-2031,Retail Salespersons,1.02,32300
41-3011,Advertising Sales Agents,2.45,88030
41-3021,Insurance Sales Agents,0.85,82910
41-3031,"Securities, Commodities, and Financial Services Sales Agents",2.53,149880
41-3041,Travel Agents,1.35,47630
41-3091,"Sales Representatives of Services, Except Advertising, Insurance, Financial Services, and Travel",1.19,84950
41-4011,"Sales Representatives, Wholesale and Manufacturing, Technical and Scientific Products",0.69,111650
41-4012,"Sales Representatives, Wholesale and Manufacturing, Except Technical and Scientific Products",0.96,79850
41-9011,Demonstrators and Product Promoters,1.18,39510
41-9021,Real Estate Brokers,0.79,120210
41-9022,Real Estate Sales Agents,0.53,103700
41-9031,Sales Engineers,0.59,116960
41-9041,Telemarketers,0.58,35000
41-9091,"Door-to-Door Sales Workers, News and Street Vendors, and Related Workers",0.86,52600
41-9099,"Sales and Related Workers, All Other",0.84,53110
43-0000,Office and Administrative Support Occupations,1.06,47790
43-1011,First-Line Supervisors of Office and Administrative Support Workers,1.11,73300
43-2011,"Switchboard Operators, Including Answering Service",0.75,39710
43-2021,Telephone Operators,1.85,46290
43-2099,"Communications Equipment Operators, All Other",0.34,54040
43-3011,Bill and Account Collectors,0.75,47820
43-3021,Billing and Posting Clerks,1.23,46350
43-3031,"Bookkeeping, Accounting, and Auditing Clerks",1,49460
43-3041,Gambling Cage Workers,0.1,39160
43-3051,Payroll and Timekeeping Clerks,0.83,51530
43-3061,Procurement Clerks,1.09,47650
43-3071,Tellers,0.87,34480
43-3099,"Financial Clerks, All Other",0.97,56200
43-4011,Brokerage Clerks,1.93,69070
43-4021,Correspondence Clerks,0.54,42080
43-4031,"Court, Municipal, and License Clerks",0.74,61640
43-4041,"Credit Authorizers, Checkers, and Clerks",1.13,49240
43-4051,Customer Service Representatives,0.81,43680
43-4061,"Eligibility Interviewers, Government Programs",0.87,52840
43-4071,File Clerks,1.53,34870
43-4081,"Hotel, Motel, and Resort Desk Clerks",0.48,35610
43-4111,"Interviewers, Except Eligibility and Loan",1.23,42160
43-4121,"Library Assistants, Clerical",1.06,35680
43-4131,Loan Interviewers and Clerks,0.55,48040
43-4141,New Accounts Clerks,0.68,42680
43-4151,Order Clerks,0.96,38990
43-4161,"Human Resources Assistants, Except Payroll and Timekeeping",1.36,47960
43-4171,Receptionists and Information Clerks,1.56,36110
43-4181,Reservation and Transportation Ticket Agents and Travel Clerks,1.14,46940
43-4199,"Information and Record Clerks, All Other",0.51,48990
43-5011,Cargo and Freight Agents,1.24,53950
43-5021,Couriers and Messengers,1.71,35430
43-5031,Public Safety Telecommunicators,0.97,48930
43-5032,"Dispatchers, Except Police, Fire, and Ambulance",1.04,52730
43-5051,Postal Service Clerks,1.07,52680
43-5052,Postal Service Mail Carriers,1.01,53410
43-5053,"Postal Service Mail Sorters, Processors, and Processing Machine Operators",1.56,52250
43-5061,"Production, Planning, and Expediting Clerks",1.53,53630
43-5071,"Shipping, Receiving, and Inventory Clerks",0.72,38680
43-5111,"Weighers, Measurers, Checkers, and Samplers, Recordkeeping",0.99,39120
43-6011,Executive Secretaries and Executive Administrative Assistants,2.52,74640
43-6012,Legal Secretaries and Administrative Assistants,1.44,57220
43-6013,Medical Secretaries and Administrative Assistants,0.36,44350
43-6014,"Secretaries and Administrative Assistants, Except Legal, Medical, and Executive",1.2,43550
43-9021,Data Entry Keyers,1.32,40680
43-9022,Word Processors and Typists,3.28,47450
43-9031,Desktop Publishers,1.36,51950
43-9041,Insurance Claims and Policy Processing Clerks,0.62,50430
43-9051,"Mail Clerks and Mail Machine Operators, Except Postal Service",1.54,35150
43-9061,"Office Clerks, General",0.95,37590
43-9071,"Office Machine Operators, Except Computer",1.7,36430
43-9081,Proofreaders and Copy Markers,2.3,52600
43-9111,Statistical Assistants,0.48,56910
43-9199,"Office and Administrative Support Workers, All Other",1.47,29590
45-0000,"Farming, Fishing, and Forestry Occupations",0.13,36780
45-1011,"First-Line Supervisors of Farming, Fishing, and Forestry Workers",0.16,55060
45-2011,Agricultural Inspectors,0.23,64320
45-2092,"Farmworkers and Laborers, Crop, Nursery, and Greenhouse",0.15,34170
45-2093,"Farmworkers, Farm, Ranch, and Aquacultural Animals",0.14,31090
45-4011,Forest and Conservation Workers,0.24,35050
47-0000,Construction and Extraction Occupations,0.82,69860
47-1011,First-Line Supervisors of Construction Trades and Extraction Workers,0.56,94170
47-2011,Boilermakers,0.58,88500
47-2021,Brickmasons and Blockmasons,0.92,79640
47-2022,Stonemasons,1.12,60920
47-2031,Carpenters,1,71040
47-2041,Carpet Installers,0.69,49380
47-2042,"Floor Layers, Except Carpet, Wood, and Hard Tiles",0.45,71160
47-2043,Floor Sanders and Finishers,0.7,40470
47-2044,Tile and Stone Setters,1.35,65080
47-2051,Cement Masons and Concrete Finishers,0.53,68970
47-2061,Construction Laborers,0.99,57800
47-2071,"Paving, Surfacing, and Tamping Equipment Operators",0.72,64200
47-2073,Operating Engineers and Other Construction Equipment Operators,0.42,92640
47-2081,Drywall and Ceiling Tile Installers,0.92,54780
47-2082,Tapers,0.54,78540
47-2111,Electricians,0.98,82640
47-2121,Glaziers,0.9,68820
47-2131,"Insulation Workers, Floor, Ceiling, and Wall",0.22,47620
47-2132,"Insulation Workers, Mechanical",0.21,105820
47-2141,"Painters, Construction and Maintenance",0.98,54870
47-2142,Paperhangers,2.35,59450
47-2151,Pipelayers,0.23,60240
47-2152,"Plumbers, Pipefitters, and Steamfitters",0.97,75410
47-2171,Reinforcing Iron and Rebar Workers,1.11,77650
47-2181,Roofers,0.45,74180
47-2211,Sheet Metal Workers,0.76,73780
47-2221,Structural Iron and Steel Workers,0.97,90150
47-2231,Solar Photovoltaic Installers,1.42,52290
47-3011,"Helpers--Brickmasons, Blockmasons, Stonemasons, and Tile and Marble Setters",1.14,49120
47-3012,Helpers--Carpenters,0.84,35620
47-3013,Helpers--Electricians,1.1,40260
47-3015,"Helpers--Pipelayers, Plumbers, Pipefitters, and Steamfitters",0.86,39200
47-3019,"Helpers, Construction Trades, All Other",0.76,37580
47-4011,Construction and Building Inspectors,1.12,71470
47-4021,Elevator and Escalator Installers and Repairers,2.66,83980
47-4031,Fence Erectors,0.62,42740
47-4041,Hazardous Materials Removal Workers,1.43,63030
47-4051,Highway Maintenance Workers,0.64,51440
47-4061,Rail-Track Laying and Maintenance Equipment Operators,2.39,72680
47-4071,Septic Tank Servicers and Sewer Pipe Cleaners,0.85,50840
47-4090,Miscellaneous Construction and Related Workers,0.5,49840
47-5022,"Excavating and Loading Machine and Dragline Operators, Surface Mining",0.63,75940
47-5097,"Earth Drillers, Except Oil and Gas; and Explosives Workers, Ordnance Handling Experts, and Blasters",0.32,65570
47-5098,"Underground Mining Machine Operators and Extraction Workers, All Other",0.13,47950
49-0000,"Installation, Maintenance, and Repair Occupations",0.8,57240
49-1011,"First-Line Supervisors of Mechanics, Installers, and Repairers",0.8,83290
49-2011,"Computer, Automated Teller, and Office Machine Repairers",1.02,48480
49-2021,"Radio, Cellular, and Tower Equipment Installers and Repairers",1.09,62000
49-2022,"Telecommunications Equipment Installers and Repairers, Except Line Installers",0.68,72050
49-2091,Avionics Technicians,0.33,69630
49-2092,"Electric Motor, Power Tool, and Related Repairers",0.57,48230
49-2093,"Electrical and Electronics Installers and Repairers, Transportation Equipment",1.06,66410
49-2094,"Electrical and Electronics Repairers, Commercial and Industrial Equipment",0.48,60220
49-2095,"Electrical and Electronics Repairers, Powerhouse, Substation, and Relay",1.55,86010
49-2096,"Electronic Equipment Installers and Repairers, Motor Vehicles",1.62,36860
49-2097,Audiovisual Equipment Installers and Repairers,0.99,46500
49-2098,Security and Fire Alarm Systems Installers,1.08,57540
49-3011,Aircraft Mechanics and Service Technicians,0.52,75070
49-3021,Automotive Body and Related Repairers,0.78,49520
49-3022,Automotive Glass Installers and Repairers,0.59,33350
49-3023,Automotive Service Technicians and Mechanics,0.71,49130
49-3031,Bus and Truck Mechanics and Diesel Engine Specialists,0.75,60560
49-3041,Farm Equipment Mechanics and Service Technicians,0.04,52860
49-3042,"Mobile Heavy Equipment Mechanics, Except Engines",0.35,70400
49-3043,Rail Car Repairers,0.64,76750
49-3051,Motorboat Mechanics and Service Technicians,0.44,43460
49-3052,Motorcycle Mechanics,0.36,42450
49-3053,Outdoor Power Equipment and Other Small Engine Mechanics,0.43,47550
49-3091,Bicycle Repairers,0.78,32660
49-3092,Recreational Vehicle Service Technicians,0.16,53360
49-3093,Tire Repairers and Changers,0.54,30720
49-9011,Mechanical Door Repairers,0.62,48170
49-9012,"Control and Valve Installers and Repairers, Except Mechanical Door",0.98,77180
49-9021,"Heating, Air Conditioning, and Refrigeration Mechanics and Installers",0.84,63210
49-9031,Home Appliance Repairers,1,46140
49-9041,Industrial Machinery Mechanics,0.44,62760
49-9043,"Maintenance Workers, Machinery",0.4,57450
49-9044,Millwrights,0.26,78750
49-9051,Electrical Power-Line Installers and Repairers,0.44,88010
49-9052,Telecommunications Line Installers and Repairers,1.45,79200
49-9061,Camera and Photographic Equipment Repairers,1.74,45510
49-9062,Medical Equipment Repairers,0.71,67620
49-9063,Musical Instrument Repairers and Tuners,1.04,43140
49-9064,Watch and Clock Repairers,2.51,50810
49-9069,"Precision Instrument and Equipment Repairers, All Other",0.94,62290
49-9071,"Maintenance and Repair Workers, General",1.09,48260
49-9091,"Coin, Vending, and Amusement Machine Servicers and Repairers",0.79,50650
49-9092,Commercial Divers,0.58,84780
49-9094,Locksmiths and Safe Repairers,0.8,52860
49-9096,Riggers,0.41,79340
49-9097,Signal and Track Switch Repairers,1.89,74670
49-9098,"Helpers--Installation, Maintenance, and Repair Workers",0.8,38210
49-9099,"Installation, Maintenance, and Repair Workers, All Other",0.72,43230
51-0000,Production Occupations,0.48,42120
51-1011,First-Line Supervisors of Production and Operating Workers,0.5,71700
51-2011,"Aircraft Structure, Surfaces, Rigging, and Systems Assemblers",0.03,49870
51-2021,"Coil Winders, Tapers, and Finishers",0.29,36000
51-2028,"Electrical, Electronic, and Electromechanical Assemblers, Except Coil Winders, Tapers, and Finishers",0.46,37860
51-2031,Engine and Other Machine Assemblers,0.09,43360
51-2041,Structural Metal Fabricators and Fitters,0.39,49550
51-2051,Fiberglass Laminators and Fabricators,0.15,49980
51-2090,Miscellaneous Assemblers and Fabricators,0.29,33730
51-3011,Bakers,0.93,33930
51-3021,Butchers and Meat Cutters,0.88,39870
51-3022,"Meat, Poultry, and Fish Cutters and Trimmers",0.3,29870
51-3023,Slaughterers and Meat Packers,0.18,31480
51-3091,"Food and Tobacco Roasting, Baking, and Drying Machine Operators and Tenders",0.54,33290
51-3092,Food Batchmakers,0.67,30280
51-3093,Food Cooking Machine Operators and Tenders,0.65,30880
51-3099,"Food Processing Workers, All Other",0.29,27360
51-4021,"Extruding and Drawing Machine Setters, Operators, and Tenders, Metal and Plastic",0.4,35420
51-4022,"Forging Machine Setters, Operators, and Tenders, Metal and Plastic",0.27,42390
51-4023,"Rolling Machine Setters, Operators, and Tenders, Metal and Plastic",0.35,35700
51-4031,"Cutting, Punching, and Press Machine Setters, Operators, and Tenders, Metal and Plastic",0.32,37070
51-4033,"Grinding, Lapping, Polishing, and Buffing Machine Tool Setters, Operators, and Tenders, Metal and Plastic",0.36,37390
51-4034,"Lathe and Turning Machine Tool Setters, Operators, and Tenders, Metal and Plastic",0.43,43230
51-4035,"Milling and Planing Machine Setters, Operators, and Tenders, Metal and Plastic",0.26,51010
51-4041,Machinists,0.28,50090
51-4051,Metal-Refining Furnace Operators and Tenders,0.2,50570
51-4052,"Pourers and Casters, Metal",0.11,39380
51-4061,"Model Makers, Metal and Plastic",0.37,56290
51-4071,Foundry Mold and Coremakers,0.35,42280
51-4072,"Molding, Coremaking, and Casting Machine Setters, Operators, and Tenders, Metal and Plastic",0.25,35510
51-4081,"Multiple Machine Tool Setters, Operators, and Tenders, Metal and Plastic",0.17,36010
51-4111,Tool and Die Makers,0.21,58310
51-4121,"Welders, Cutters, Solderers, and Brazers",0.27,52900
51-4122,"Welding, Soldering, and Brazing Machine Setters, Operators, and Tenders",0.21,42520
51-4191,"Heat Treating Equipment Setters, Operators, and Tenders, Metal and Plastic",0.25,42550
51-4193,"Plating Machine Setters, Operators, and Tenders, Metal and Plastic",0.32,39260
51-4199,"Metal Workers and Plastic Workers, All Other",0.2,40050
51-5111,Prepress Technicians and Workers,0.85,51930
51-5112,Printing Press Operators,0.68,45800
51-5113,Print Binding and Finishing Workers,0.85,35930
51-6011,Laundry and Dry-Cleaning Workers,1.24,27590
51-6021,"Pressers, Textile, Garment, and Related Materials",0.72,27370
51-6031,Sewing Machine Operators,1.1,31320
51-6041,Shoe and Leather Workers and Repairers,0.87,28180
51-6051,"Sewers, Hand",1.39,33330
51-6061,Textile Bleaching and Dyeing Machine Operators and Tenders,0.42,32280
51-6062,"Textile Cutting Machine Setters, Operators, and Tenders",0.89,32650
51-6063,"Textile Knitting and Weaving Machine Setters, Operators, and Tenders",0.52,30880
51-6064,"Textile Winding, Twisting, and Drawing Out Machine Setters, Operators, and Tenders",0.11,34690
51-6092,Fabric and Apparel Patternmakers,3.51,71050
51-6093,Upholsterers,0.33,40220
51-6099,"Textile, Apparel, and Furnishings Workers, All Other",0.6,28640
51-7011,Cabinetmakers and Bench Carpenters,0.55,47420
51-7021,Furniture Finishers,0.87,40050
51-7041,"Sawing Machine Setters, Operators, and Tenders, Wood",0.09,37640
51-7042,"Woodworking Machine Setters, Operators, and Tenders, Except Sawing",0.26,35100
51-7099,"Woodworkers, All Other",0.11,33140
51-8012,Power Distributors and Dispatchers,0.46,99090
51-8013,Power Plant Operators,0.64,90240
51-8021,Stationary Engineers and Boiler Operators,1.63,86510
51-8031,Water and Wastewater Treatment Plant and System Operators,0.52,69440
51-8091,Chemical Plant and System Operators,0.15,67660
51-8092,Gas Plant Operators,0.44,83680
51-8093,"Petroleum Pump System Operators, Refinery Operators, and Gaugers",0.14,80360
51-8099,"Plant and System Operators, All Other",0.32,67940
51-9011,Chemical Equipment Operators and Tenders,0.72,47370
51-9012,"Separating, Filtering, Clarifying, Precipitating, and Still Machine Setters, Operators, and Tenders",0.38,52400
51-9021,"Crushing, Grinding, and Polishing Machine Setters, Operators, and Tenders",0.59,36300
51-9022,"Grinding and Polishing Workers, Hand",0.67,43430
51-9023,"Mixing and Blending Machine Setters, Operators, and Tenders",0.68,41250
51-9031,"Cutters and Trimmers, Hand",0.79,31930
51-9032,"Cutting and Slicing Machine Setters, Operators, and Tenders",0.46,37640
51-9041,"Extruding, Forming, Pressing, and Compacting Machine Setters, Operators, and Tenders",0.72,37770
51-9051,"Furnace, Kiln, Oven, Drier, and Kettle Operators and Tenders",0.19,45890
51-9061,"Inspectors, Testers, Sorters, Samplers, and Weighers",0.53,44510
51-9071,Jewelers and Precious Stone and Metal Workers,3.1,55120
51-9081,Dental Laboratory Technicians,0.49,57550
51-9082,Medical Appliance Technicians,1.16,43730
51-9083,Ophthalmic Laboratory Technicians,0.91,37870
51-9111,Packaging and Filling Machine Operators and Tenders,0.79,30270
51-9123,"Painting, Coating, and Decorating Workers",0.73,37870
51-9124,"Coating, Painting, and Spraying Machine Setters, Operators, and Tenders",0.33,42070
51-9151,Photographic Process Workers and Processing Machine Operators,1.35,45300
51-9161,Computer Numerically Controlled Tool Operators,0.28,41570
51-9162,Computer Numerically Controlled Tool Programmers,0.36,59080
51-9191,Adhesive Bonding Machine Operators and Tenders,0.22,39300
51-9192,"Cleaning, Washing, and Metal Pickling Equipment Operators and Tenders",0.69,32060
51-9193,Cooling and Freezing Equipment Operators and Tenders,0.27,40550
51-9194,Etchers and Engravers,0.66,36310
51-9195,"Molders, Shapers, and Casters, Except Metal and Plastic",0.4,43800
51-9196,"Paper Goods Machine Setters, Operators, and Tenders",0.46,36470
51-9198,Helpers--Production Workers,0.28,31630
51-9199,"Production Workers, All Other",0.49,34730
53-0000,Transportation and Material Moving Occupations,0.91,42200
53-1041,Aircraft Cargo Handling Supervisors,0.66,64090
53-1047,"First-Line Supervisors of Transportation and Material Moving Workers, Except Aircraft Cargo Handling Supervisors",0.99,64140
53-2011,"Airline Pilots, Copilots, and Flight Engineers",1.79,155740
53-2022,Airfield Operations Specialists,0.67,67950
53-2031,Flight Attendants,2.08,49310
53-3011,"Ambulance Drivers and Attendants, Except Emergency Medical Technicians",1,34890
53-3031,Driver/Sales Workers,0.72,33130
53-3032,Heavy and Tractor-Trailer Truck Drivers,0.57,54500
53-3033,Light Truck Drivers,0.89,41260
53-3052,"Bus Drivers, Transit and Intercity",1.91,60450
53-3058,"Passenger Vehicle Drivers, Except Bus Drivers, Transit and Intercity",1.31,42040
53-3099,"Motor Vehicle Operators, All Other",0.95,40110
53-4011,Locomotive Engineers,0.26,62690
53-4031,Railroad Conductors and Yardmasters,1.3,61750
53-4041,Subway and Streetcar Operators,5.15,77830
53-4099,"Rail Transportation Workers, All Other",1.23,56470
53-5011,Sailors and Marine Oilers,0.91,49390
53-5021,"Captains, Mates, and Pilots of Water Vessels",1.07,90040
53-5022,Motorboat Operators,1.27,47560
53-5031,Ship Engineers,1.04,100020
53-6011,Bridge and Lock Tenders,0.85,50400
53-6021,Parking Attendants,1.67,28290
53-6031,Automotive and Watercraft Service Attendants,1.29,23740
53-6041,Traffic Technicians,2.3,61750
53-6051,Transportation Inspectors,2.13,75410
53-6061,Passenger Attendants,1.86,30190
53-6098,"Aircraft Service Attendants and Transportation Workers, All Other",0.56,39970
53-7041,Hoist and Winch Operators,0.13,68700
53-7051,Industrial Truck and Tractor Operators,0.52,42390
53-7061,Cleaners of Vehicles and Equipment,0.82,33990
53-7062,"Laborers and Freight, Stock, and Material Movers, Hand",0.95,34920
53-7063,Machine Feeders and Offbearers,0.25,33530
53-7064,"Packers and Packagers, Hand",1.12,28720
53-7065,Stockers and Order Fillers,0.88,30760
53-7071,Gas Compressor and Gas Pumping Station Operators,0.56,75030
53-7072,"Pump Operators, Except Wellhead Pumpers",0.57,48040
53-7081,Refuse and Recyclable Material Collectors,1.28,59310
53-7199,"Material Moving Workers, All Other",0.9,50720